{
 "0.1.0": 1206601200.0, 
 "0.1.1": 1207897200.0, 
 "0.1.2": 1210662000.0, 
 "0.1.3": 1214550000.0, 
 "0.16.0": 1201939200.0, 
 "0.18.0": 1221980400.0, 
 "0.18.1": 1225090800.0, 
 "0.19.0": 1232524800.0, 
 "0.19.1": 1237446000.0, 
 "0.19.2": 1241852400.0, 
 "0.19.3": 1243407600.0, 
 "0.2.0": 1218178800.0, 
 "0.2.1": 1221289200.0, 
 "0.20.0": 1252393200.0, 
 "0.20.1": 1255330800.0, 
 "0.20.2": 1258617600.0, 
 "0.20.3": 1264406400.0, 
 "0.20.4": 1273042800.0, 
 "0.20.5": 1277362800.0, 
 "0.20.6": 1280473200.0, 
 "0.89.20100621": 1277449200.0, 
 "0.89.20100924": 1286348400.0, 
 "0.90.0": 1295424000.0, 
 "0.90.1": 1297929600.0, 
 "0.90.2": 1302246000.0, 
 "0.90.3": 1305788400.0, 
 "0.90.4": 1312959600.0, 
 "0.90.5": 1324540800.0, 
 "0.90.6": 1331881200.0, 
 "0.92.0": 1327305600.0, 
 "0.92.1": 1331967600.0, 
 "0.92.2": 1347519600.0, 
 "0.94.0": 1336978800.0, 
 "0.94.1": 1344322800.0, 
 "0.94.10": 1374649200.0, 
 "0.94.11": 1376982000.0, 
 "0.94.12": 1380006000.0, 
 "0.94.13": 1383811200.0, 
 "0.94.14": 1385366400.0, 
 "0.94.15": 1388304000.0, 
 "0.94.16": 1390204800.0, 
 "0.94.17": 1393315200.0, 
 "0.94.18": 1395644400.0, 
 "0.94.19": 1398668400.0, 
 "0.94.2": 1349938800.0, 
 "0.94.20": 1401346800.0, 
 "0.94.21": 1404370800.0, 
 "0.94.22": 1407394800.0, 
 "0.94.23": 1409900400.0, 
 "0.94.24": 1412406000.0, 
 "0.94.25": 1416902400.0, 
 "0.94.26": 1419580800.0, 
 "0.94.27": 1427266800.0, 
 "0.94.3": 1354521600.0, 
 "0.94.4": 1357977600.0, 
 "0.94.5": 1360915200.0, 
 "0.94.6": 1363935600.0, 
 "0.94.6.1": 1365058800.0, 
 "0.94.7": 1366873200.0, 
 "0.94.8": 1369983600.0, 
 "0.94.9": 1372921200.0, 
 "0.95.0": 1365318000.0, 
 "0.95.1": 1370934000.0, 
 "0.95.2": 1376550000.0, 
 "0.96.0": 1382166000.0, 
 "0.96.1": 1387180800.0, 
 "0.96.1.1": 1387440000.0, 
 "0.96.2": 1396508400.0, 
 "0.98.0": 1392537600.0, 
 "0.98.1": 1396767600.0, 
 "0.98.10": 1423123200.0, 
 "0.98.10.1": 1423814400.0, 
 "0.98.11": 1425884400.0, 
 "0.98.12": 1429254000.0, 
 "0.98.12.1": 1432537200.0, 
 "0.98.13": 1434610800.0, 
 "0.98.14": 1440831600.0, 
 "0.98.15": 1444374000, 
 "0.98.16": 1447660800, 
 "0.98.16.1": 1448524800, 
 "0.98.17": 1453449600, 
 "0.98.2": 1399446000.0, 
 "0.98.3": 1402124400.0, 
 "0.98.4": 1405926000.0, 
 "0.98.5": 1407740400.0, 
 "0.98.6": 1410418800.0, 
 "0.98.6.1": 1410850800.0, 
 "0.98.7": 1413442800.0, 
 "0.98.8": 1416038400.0, 
 "0.98.9": 1419235200.0, 
 "0.99.0": 1411369200.0, 
 "0.99.1": 1413356400.0, 
 "0.99.2": 1417939200.0, 
 "1.0.0": 1424505600.0, 
 "1.0.1": 1430118000.0, 
 "1.0.1.1": 1432537200.0, 
 "1.0.2": 1441004400.0, 
 "1.1.0": 1431586800.0, 
 "1.1.0.1": 1432537200.0, 
 "1.1.1": 1435561200.0, 
 "1.1.2": 1441090800
}